{"slopes": {"C_single_bb": -0.44626029983492604, "C_double": -0.7974253820928103, "O_double_bb": -0.5978039586712657, "C_single": -0.33373359301010996, "O_single": -0.6161269152768551, "O_double": -0.6908138689201805, "N_intermediate": -0.5791543104296577, "C_double_bb": -0.5331349131510632, "C_intermediate": -0.4660504493639731, "N_single_bb": -0.4905830761073553, "S_single": -0.8219252885102695, "N_single": -0.5006932895220034, "O_intermediate": -0.6490015243999002}, "radii": {"C_single_bb": 0.72, "C_double": 0.67, "O_double_bb": 0.71, "C_single": 0.84, "O_single": 0.8, "O_double": 0.77, "N_intermediate": 0.77, "C_double_bb": 0.61, "C_intermediate": 0.72, "N_single_bb": 0.7, "S_single": 0.75, "N_single": 0.95, "O_intermediate": 0.82}}